theme,url,img,lines,author
PERSISTENCE,/inspirational-quotes/3241-success-is-the-sum-of-small-efforts-repeated,/quotes/images/3241/large_20260112_monday_quote.jpg,Success,is
GRIT,/inspirational-quotes/8274-grit-is-the-grain-of-character,/quotes/images/8274/large_20260109_friday_quote.jpg,Grit,is
GRIT,/inspirational-quotes/7788-above-everything-else-ive-done-ive-always-said,/quotes/images/7788/large_20260108_thursday_quote.jpg,Above,everything
GRIT,/inspirational-quotes/7786-every-great-story-happened-when-someone-decided,/quotes/images/7786/large_20260107_wednesday_quote.jpg,Every,great
GRIT,/inspirational-quotes/7406-only-those-who-will-risk-going-too-far-can,/quotes/images/7406/large_20260106_tuesday_quote.jpg,Only,those
GRIT,/inspirational-quotes/7784-what-is-grit-grit-is-refusing-to-give-up-it-s,/quotes/images/7784/large_20260105_monday_quote.jpg,What,is
HOPE,/inspirational-quotes/5220-once-you-choose-hope-anythings-possible,/quotes/images/5220/large_20260102_friday_quote.jpg,Once,you
HOPE,/inspirational-quotes/6206-someday-all-you-ll-have-to-light-the-way-will,/quotes/images/6206/large_20260101_thursday_quote.jpg,Someday,all
HOPE,/inspirational-quotes/7176-it-is-often-in-the-darkest-skies-that-we-see,/quotes/images/7176/large_20251231_wednesday_quote.jpg,It,is
HOPE,/inspirational-quotes/7580-let-your-hopes-not-your-hurts-shape-your-future,/quotes/images/7580/large_20251230_tuesday_quote.jpg,Let,your
HOPE,/inspirational-quotes/8155-hope-sees-the-invisible-feels-the-intangible,/quotes/images/8155/large_20251229_monday_quote.jpg,Hope,sees
JOY,/inspirational-quotes/8022-the-essence-of-life-is-not-in-the-great,/quotes/images/8022/large_20251226_friday_quote.jpg,The,essence
JOY,/inspirational-quotes/8407-the-joy-of-giving-is-the-greatest-joy-of-life,/quotes/images/8407/large_20251225_thursday_quote.jpg,The,joy
JOY,/inspirational-quotes/7571-happiness-not-in-another-place-but-this,/quotes/images/7571/large_20251224_wednesday_quote.jpg,Happiness—not,in
JOY,/inspirational-quotes/7844-joy-is-the-kind-of-happiness-that-doesn-t,/quotes/images/7844/large_20251223_tuesday_quote.jpg,Joy,is
JOY,/inspirational-quotes/8322-if-you-carry-joy-in-your-heart-you-can-heal,/quotes/images/8322/large_20251222_monday_quote.jpg,If,you
BE A LIGHT,/inspirational-quotes/6067-dont-worry-when-you-are-not-recognized-but,/quotes/images/6067/large_20261219_friday_quote.jpg,Don't,worry
BE A LIGHT,/inspirational-quotes/7190-i-have-not-failed-ive-just-found-10-000-ways,/quotes/images/7190/large_20261218_thursday_quote.jpg,I,have
BE A LIGHT,/inspirational-quotes/5819-when-you-start-to-develop-your-powers-of,/quotes/images/5819/large_20261217_wednesday_quote.jpg,When,you
BE A LIGHT,/inspirational-quotes/6638-the-only-person-you-are-destined-to-become-is,/quotes/images/6638/large_20261216_tuesday_quote.jpg,The,only
BE A LIGHT,/inspirational-quotes/8296-when-we-strive-to-become-better-than-we-are,/quotes/images/8296/large_20261215_monday_quote.jpg,When,we
PRACTICE,/inspirational-quotes/8466-practice-like-you-ve-never-won-play-like,/quotes/images/8466/large_20251212_friday_quote.jpg,Practice,like
PRACTICE,/inspirational-quotes/6797-practice-is-the-best-of-all-instructors,/quotes/images/6797/large_20251211_thursday_quote.jpg,Practice,is
PRACTICE,/inspirational-quotes/8465-talent-is-a-pursued-interest-anything-that,/quotes/images/8465/large_20251210_wednesday_quote.jpg,Talent,is
PRACTICE,/inspirational-quotes/8464-the-difference-between-ordinary-and,/quotes/images/8464/large_20251209_tuesday_quote.jpg,The,difference
PRACTICE,/inspirational-quotes/8463-practice-creates-confidence-confidence,/quotes/images/8463/large_20251208_monday_quote.jpg,Practice,creates
GENEROSITY,/inspirational-quotes/7159-no-one-has-ever-become-poor-by-giving,/quotes/images/7159/large_20251205_friday_quote.jpg,No,one
GENEROSITY,/inspirational-quotes/8462-the-more-generous-we-are-the-more-joyous-we,/quotes/images/8462/large_20251204_thursday_quote.jpg,The,more
GENEROSITY,/inspirational-quotes/8461-sometimes-when-we-are-generous-in-small-barely,/quotes/images/8461/large_20251203_wednesday_quote.jpg,Sometimes,when
GENEROSITY,/inspirational-quotes/8460-the-greatest-gift-you-ever-give-is-your-honest,/quotes/images/8460/large_20251202_tuesday_quote.jpg,The,greatest
GENEROSITY,/inspirational-quotes/5210-good-actions-give-strength-to-ourselves-and,/quotes/images/5210/large_20251201_monday_quote.jpg,Good,actions
GRATITUDE,/inspirational-quotes/8367-the-more-grateful-i-am-the-more-beauty-i-see,/quotes/images/8367/large_20251128_friday_quote.jpg,The,more
GRATITUDE,/inspirational-quotes/7426-as-we-express-our-gratitude-we-must-never,/quotes/images/7426/large_20251127_thursday_quote.jpg,As,we
